Timestamp,User Count,Type,Name,Requests/s,Failures/s,50%,66%,75%,80%,90%,95%,98%,99%,99.9%,99.99%,100%,Total Request Count,Total Failure Count,Total Median Response Time,Total Average Response Time,Total Min Response Time,Total Max Response Time,Total Average Content Size
1737245842,0,,Aggregated,0.000000,0.000000,N/A,N/A,N/A,N/A,N/A,N/A,N/A,N/A,N/A,N/A,N/A,0,0,0,0.0,0,0,0
1737245843,2,,Aggregated,0.000000,0.000000,35,35,35,35,35,35,35,35,35,35,35,2,0,11.203099973499775,23.00609997473657,11.203099973499775,34.80909997597337,26.0
1737245844,4,,Aggregated,0.000000,0.000000,11,11,26,26,35,35,35,35,35,35,35,6,0,11,17.369266677026946,10.482499958015978,34.80909997597337,26.0
1737245845,6,,Aggregated,2.000000,0.000000,12,13,19,26,35,35,35,35,35,35,35,9,0,12,16.491800003374617,10.482499958015978,34.80909997597337,26.0
1737245846,10,,Aggregated,2.000000,0.000000,12,14,19,21,26,35,35,35,35,35,35,15,0,12,15.565993349688748,8.984000072814524,34.80909997597337,26.0
1737245847,10,,Aggregated,2.666667,0.000000,12,14,19,19,21,26,35,35,35,35,35,22,0,12,14.82237727825784,8.712099981494248,34.80909997597337,26.0
1737245848,10,,Aggregated,3.750000,0.000000,12,13,18,19,21,26,35,35,35,35,35,27,0,12,14.138522225915006,8.712099981494248,34.80909997597337,26.0
1737245849,10,,Aggregated,3.600000,0.000000,12,13,18,18,20,26,35,35,35,35,35,32,0,12,13.972109383757925,8.712099981494248,34.80909997597337,26.0
1737245850,10,,Aggregated,4.000000,0.000000,12,13,13,18,20,26,35,35,35,35,35,37,0,12,13.563743251300341,8.712099981494248,34.80909997597337,26.0
1737245851,10,,Aggregated,4.142857,0.000000,12,13,13,14,19,21,35,35,35,35,35,41,0,12,13.403419521637261,8.712099981494248,34.80909997597337,26.0
1737245852,10,,Aggregated,4.375000,0.000000,12,13,13,14,19,21,35,35,35,35,35,47,0,12,13.133255328903807,8.712099981494248,34.80909997597337,26.0
1737245853,10,,Aggregated,4.333333,0.000000,12,13,13,14,19,26,28,35,35,35,35,51,0,12,13.361419617271453,8.712099981494248,34.80909997597337,26.0
1737245854,10,,Aggregated,4.300000,0.000000,12,13,14,14,20,26,28,35,35,35,35,58,0,12,13.360175870134142,8.712099981494248,34.80909997597337,26.0
1737245855,10,,Aggregated,4.700000,0.000000,12,13,14,15,21,26,28,35,35,35,35,61,0,12,13.71235574679602,8.712099981494248,34.80909997597337,26.0
1737245856,10,,Aggregated,4.900000,0.000000,12,13,14,18,21,26,28,35,35,35,35,66,0,12,13.824325767486837,8.712099981494248,34.80909997597337,26.0
1737245857,10,,Aggregated,5.000000,0.000000,12,13,14,18,21,26,28,35,35,35,35,72,0,12,13.848598622846314,8.712099981494248,34.80909997597337,26.0
1737245858,10,,Aggregated,4.800000,0.000000,12,13,14,18,21,26,28,35,35,35,35,77,0,12,13.928770140575415,8.712099981494248,34.80909997597337,26.0
1737245859,10,,Aggregated,5.100000,0.000000,13,14,15,18,21,23,28,35,35,35,35,84,0,13,13.986290485176834,8.712099981494248,34.80909997597337,26.0
1737245860,10,,Aggregated,4.900000,0.000000,13,14,15,15,21,23,28,35,35,35,35,88,0,13,13.940613645404069,8.712099981494248,34.80909997597337,26.0
1737245861,10,,Aggregated,4.900000,0.000000,13,14,15,15,21,23,28,35,35,35,35,88,0,13,13.940613645404069,8.712099981494248,34.80909997597337,26.0
1737245862,10,,Aggregated,5.000000,0.000000,13,14,15,15,21,23,28,35,35,35,35,98,0,13,13.98368470123684,8.712099981494248,34.80909997597337,26.0
1737245863,10,,Aggregated,4.900000,0.000000,13,14,15,18,21,25,28,35,41,41,41,102,0,13,14.38391079108103,8.712099981494248,40.68229999393225,26.0
1737245864,10,,Aggregated,5.300000,0.000000,13,14,15,18,21,25,28,35,41,41,41,110,0,13,14.380690005650235,8.712099981494248,40.68229999393225,26.0
1737245865,10,,Aggregated,5.300000,0.000000,13,14,15,16,21,25,28,35,41,41,41,112,0,13,14.373046433320269,8.712099981494248,40.68229999393225,26.0
1737245866,10,,Aggregated,5.000000,0.000000,13,14,15,18,21,26,28,35,41,41,41,116,0,13,14.45920172886088,5.347599973902106,40.68229999393225,26.03448275862069
1737245867,10,,Aggregated,5.400000,0.000000,13,14,15,18,22,26,35,41,42,42,42,123,0,13,14.705454474466482,5.347599973902106,42.35589993186295,26.03252032520325
1737245868,10,,Aggregated,5.100000,0.000000,13,14,15,18,22,26,35,41,42,42,42,127,0,13,14.633818115217714,5.347599973902106,42.35589993186295,26.031496062992126
1737245869,10,,Aggregated,5.100000,0.000000,13,14,15,18,22,27,35,41,42,42,42,131,0,13,14.720997715347538,5.347599973902106,42.35589993186295,26.061068702290076
1737245870,10,,Aggregated,5.200000,0.000000,13,14,15,18,23,27,35,41,42,42,42,136,0,13,14.856735300033025,5.347599973902106,42.35589993186295,26.058823529411764
1737245871,10,,Aggregated,5.200000,0.000000,13,14,15,19,23,26,35,41,42,42,42,143,0,13,14.967113292053133,5.347599973902106,42.35589993186295,26.055944055944057
1737245872,10,,Aggregated,4.800000,0.000000,13,14,16,19,23,26,35,41,42,42,42,147,0,13,15.00718572040779,5.347599973902106,42.35589993186295,26.05442176870748
1737245873,10,,Aggregated,5.100000,0.000000,13,14,15,19,23,26,29,41,42,42,42,152,0,13,14.945315796802262,5.347599973902106,42.35589993186295,26.05263157894737
1737245874,10,,Aggregated,4.900000,0.000000,13,14,15,19,23,26,29,41,42,42,42,157,0,13,14.973545230474253,5.347599973902106,42.35589993186295,26.05095541401274
1737245875,10,,Aggregated,5.100000,0.000000,13,15,16,19,22,26,29,41,42,42,42,162,0,13,15.005702476942751,5.347599973902106,42.35589993186295,26.049382716049383
1737245876,10,,Aggregated,4.800000,0.000000,13,15,16,19,23,26,29,41,42,42,42,167,0,13,15.097964079604445,5.347599973902106,42.35589993186295,26.047904191616766
1737245877,10,,Aggregated,4.700000,0.000000,13,15,16,19,23,26,29,41,42,42,42,174,0,13,15.099358628503978,5.347599973902106,42.35589993186295,26.04597701149425
1737245878,10,,Aggregated,4.700000,0.000000,13,15,16,19,23,26,29,41,42,42,42,175,0,13,15.086698864719697,5.347599973902106,42.35589993186295,26.045714285714286
1737245879,10,,Aggregated,4.800000,0.000000,13,15,16,19,23,26,29,41,42,42,42,183,0,13,15.047102193907921,5.347599973902106,42.35589993186295,26.065573770491802
1737245880,10,,Aggregated,5.000000,0.000000,13,15,16,19,23,26,29,41,42,42,42,187,0,13,15.114957227665473,5.347599973902106,42.35589993186295,26.06417112299465
1737245881,10,,Aggregated,4.700000,0.000000,13,15,16,19,22,26,29,41,42,42,42,192,0,13,15.118243237642067,5.347599973902106,42.35589993186295,26.0625
1737245882,10,,Aggregated,5.000000,0.000000,13,15,16,19,22,26,29,41,42,42,42,198,0,13,15.074215664156721,5.347599973902106,42.35589993186295,26.060606060606062
1737245883,10,,Aggregated,5.000000,0.000000,13,15,16,19,22,26,28,35,42,42,42,203,0,13,15.06308473708576,5.347599973902106,42.35589993186295,26.059113300492612
1737245884,10,,Aggregated,4.800000,0.000000,13,15,16,19,22,26,28,35,42,42,42,208,0,13,15.020659143024554,5.347599973902106,42.35589993186295,26.057692307692307
1737245885,10,,Aggregated,4.900000,0.000000,13,14,16,19,22,26,28,35,42,42,42,215,0,13,15.052811636286247,5.347599973902106,42.35589993186295,26.05581395348837
1737245886,10,,Aggregated,5.100000,0.000000,13,15,16,19,22,26,28,35,42,42,42,220,0,13,15.04494591817175,5.347599973902106,42.35589993186295,26.054545454545455
1737245887,10,,Aggregated,5.000000,0.000000,13,15,16,19,22,26,28,35,42,42,42,224,0,13,15.024600455425182,5.347599973902106,42.35589993186295,26.053571428571427
1737245888,10,,Aggregated,5.300000,0.000000,13,15,16,19,22,26,28,35,42,42,42,230,0,13,15.08318566079454,5.347599973902106,42.35589993186295,26.05217391304348
1737245889,10,,Aggregated,5.300000,0.000000,13,15,16,19,22,26,28,35,42,42,42,234,0,13,15.120379068056902,5.347599973902106,42.35589993186295,26.05128205128205
1737245890,10,,Aggregated,4.900000,0.000000,13,15,16,19,22,26,28,35,42,42,42,237,0,13,15.128755704735559,5.347599973902106,42.35589993186295,26.050632911392405
1737245891,10,,Aggregated,5.300000,0.000000,13,15,16,19,22,26,28,35,42,42,42,245,0,13,15.108322048540778,5.347599973902106,42.35589993186295,26.06530612244898
1737245892,10,,Aggregated,5.200000,0.000000,13,15,16,19,22,26,28,35,42,42,42,248,0,13,15.098384282018449,5.347599973902106,42.35589993186295,26.06451612903226
1737245893,10,,Aggregated,5.100000,0.000000,13,15,16,18,22,26,28,35,42,42,42,252,0,13,15.087573420873563,5.347599973902106,42.35589993186295,26.063492063492063
1737245894,10,,Aggregated,5.200000,0.000000,13,15,16,19,22,26,28,37,42,42,42,257,0,13,15.17282802374229,5.347599973902106,42.35589993186295,26.06225680933852
1737245895,10,,Aggregated,5.000000,0.000000,13,15,16,19,22,26,28,37,42,42,42,265,0,13,15.205478498641893,5.347599973902106,42.35589993186295,26.060377358490566
1737245896,10,,Aggregated,4.800000,0.000000,13,15,16,19,22,26,28,37,42,42,42,268,0,13,15.190754858985432,5.347599973902106,42.35589993186295,26.059701492537314
1737245897,10,,Aggregated,5.000000,0.000000,13,15,16,19,22,26,28,37,42,42,42,272,0,13,15.192866919866955,5.347599973902106,42.35589993186295,26.058823529411764
1737245898,10,,Aggregated,4.900000,0.000000,13,15,16,18,22,26,28,37,42,42,42,279,0,13,15.125949828264615,5.347599973902106,42.35589993186295,26.057347670250895
1737245899,10,,Aggregated,4.900000,0.000000,13,15,16,18,22,26,28,37,42,42,42,282,0,13,15.133906389893765,5.347599973902106,42.35589993186295,26.05673758865248
1737245900,10,,Aggregated,4.900000,0.000000,13,15,16,18,22,26,28,37,42,42,42,287,0,13,15.094384675981795,5.347599973902106,42.35589993186295,26.05574912891986
1737245901,10,,Aggregated,4.900000,0.000000,13,15,16,18,22,26,28,37,42,42,42,292,0,13,15.088064733203757,5.347599973902106,42.35589993186295,26.054794520547944
1737245902,10,,Aggregated,5.000000,0.000000,13,15,16,18,22,26,28,37,42,42,42,295,0,13,15.111536956076526,5.347599973902106,42.35589993186295,26.054237288135592
1737245903,10,,Aggregated,4.800000,0.000000,13,15,16,19,22,26,28,35,42,42,42,302,0,13,15.145666232341839,5.3267000475898385,42.35589993186295,26.079470198675498
1737245904,10,,Aggregated,4.700000,0.000000,13,15,16,19,22,26,28,35,42,42,42,305,0,13,15.125537712554463,5.3267000475898385,42.35589993186295,26.091803278688523
1737245905,10,,Aggregated,4.700000,0.000000,13,15,16,19,22,26,28,35,42,42,42,311,0,13,15.163818336469257,5.3267000475898385,42.35589993186295,26.10289389067524
1737245906,10,,Aggregated,5.200000,0.000000,13,15,16,19,23,26,28,35,42,42,42,317,0,13,15.144876033296862,4.954900010488927,42.35589993186295,26.113564668769715
1737245907,10,,Aggregated,4.600000,0.000000,14,15,17,19,23,26,28,35,42,42,42,320,0,13,15.153287195062148,4.954900010488927,42.35589993186295,26.1125
1737245908,10,,Aggregated,4.700000,0.000000,14,15,17,19,23,26,28,35,42,42,42,326,0,14,15.18605092748931,4.954900010488927,42.35589993186295,26.11042944785276
1737245909,10,,Aggregated,4.700000,0.000000,14,15,17,19,23,26,28,35,42,42,42,330,0,14,15.21715667402146,4.954900010488927,42.35589993186295,26.12121212121212
1737245910,10,,Aggregated,4.700000,0.000000,14,15,17,19,23,26,28,35,42,42,42,336,0,14,15.202615483542017,4.954900010488927,42.35589993186295,26.11904761904762
1737245911,10,,Aggregated,4.800000,0.000000,14,15,17,19,23,26,28,35,42,42,42,342,0,14,15.203817843524902,4.954900010488927,42.35589993186295,26.116959064327485
1737245912,10,,Aggregated,4.500000,0.000000,14,15,17,19,23,26,28,35,42,42,42,346,0,14,15.194629197886396,4.954900010488927,42.35589993186295,26.115606936416185
1737245914,10,,Aggregated,4.800000,0.000000,14,15,16,19,22,26,28,35,42,42,42,354,0,13,15.137033905349883,4.954900010488927,42.35589993186295,26.112994350282484
1737245915,10,,Aggregated,5.000000,0.000000,14,15,17,19,23,26,28,35,42,42,42,358,0,13,15.155469001057511,4.954900010488927,42.35589993186295,26.11173184357542
1737245916,10,,Aggregated,5.100000,0.000000,14,15,17,19,22,26,28,35,42,42,42,364,0,14,15.14863462192467,4.954900010488927,42.35589993186295,26.10989010989011
1737245917,10,,Aggregated,5.000000,0.000000,13,15,16,18,22,26,28,35,42,42,42,369,0,13,15.115641740839777,4.954900010488927,42.35589993186295,26.10840108401084
1737245918,10,,Aggregated,5.300000,0.000000,13,15,16,18,22,26,28,35,42,42,42,376,0,13,15.054532984999861,4.954900010488927,42.35589993186295,26.117021276595743
1737245919,10,,Aggregated,5.200000,0.000000,13,15,16,18,22,26,28,35,42,42,42,378,0,13,15.042102386899016,4.954900010488927,42.35589993186295,26.116402116402117
1737245920,10,,Aggregated,5.600000,0.000000,13,15,16,18,22,26,28,35,42,42,42,382,0,13,15.016619377545233,4.954900010488927,42.35589993186295,26.115183246073297
1737245921,10,,Aggregated,5.100000,0.000000,13,15,16,18,22,26,28,35,42,42,42,389,0,13,15.046885866458721,4.954900010488927,42.35589993186295,26.11311053984576
1737245922,10,,Aggregated,5.100000,0.000000,13,15,16,18,22,26,28,37,42,42,42,393,0,13,15.1035928803688,4.954900010488927,42.35589993186295,26.111959287531807
1737245923,10,,Aggregated,5.200000,0.000000,14,15,16,18,23,26,28,37,42,42,42,398,0,13,15.117127140609538,4.954900010488927,42.35589993186295,26.110552763819097
1737245924,10,,Aggregated,5.100000,0.000000,13,15,16,18,22,26,28,35,42,42,42,404,0,13,15.091536638654288,4.954900010488927,42.35589993186295,26.10891089108911
1737245925,10,,Aggregated,5.100000,0.000000,13,15,16,18,22,26,28,35,42,42,42,407,0,13,15.076759710383923,4.954900010488927,42.35589993186295,26.10810810810811
1737245926,10,,Aggregated,4.900000,0.000000,13,15,16,18,22,26,28,35,42,42,42,413,0,13,15.030482814074483,4.954900010488927,42.35589993186295,26.106537530266344
1737245927,10,,Aggregated,4.900000,0.000000,13,15,16,18,22,26,28,35,42,42,42,415,0,13,15.023191090033626,4.954900010488927,42.35589993186295,26.106024096385543
1737245928,10,,Aggregated,4.800000,0.000000,13,15,16,18,23,26,28,37,42,42,42,420,0,13,15.145104529801756,4.954900010488927,42.35589993186295,26.104761904761904
1737245929,10,,Aggregated,4.600000,0.000000,13,15,16,18,23,26,28,37,42,42,42,426,0,13,15.145093902175976,4.954900010488927,42.35589993186295,26.103286384976524
1737245930,10,,Aggregated,4.300000,0.000000,13,15,16,18,23,26,28,37,42,42,42,432,0,13,15.14853009818277,4.954900010488927,42.35589993186295,26.10185185185185
1737245931,10,,Aggregated,4.700000,0.000000,13,15,16,18,23,26,28,37,42,42,42,437,0,13,15.136313278098044,4.954900010488927,42.35589993186295,26.100686498855836
1737245932,10,,Aggregated,5.000000,0.000000,13,15,16,18,23,26,28,37,42,42,42,441,0,13,15.09872835014404,4.592099925503135,42.35589993186295,26.108843537414966
1737245933,10,,Aggregated,5.000000,0.000000,13,15,16,18,23,26,28,37,42,42,42,445,0,13,15.076418207916483,4.592099925503135,42.35589993186295,26.107865168539327
1737245934,10,,Aggregated,4.800000,0.000000,13,15,16,18,22,26,28,37,42,42,42,451,0,13,15.079718408899634,4.592099925503135,42.35589993186295,26.106430155210642
1737245935,10,,Aggregated,4.700000,0.000000,13,15,16,18,23,26,28,37,42,42,42,455,0,13,15.14994659880688,4.592099925503135,42.35589993186295,26.105494505494505
1737245936,10,,Aggregated,4.800000,0.000000,13,15,16,18,22,26,28,37,42,42,42,463,0,13,15.123267607767433,4.592099925503135,42.35589993186295,26.103671706263498
1737245937,10,,Aggregated,4.800000,0.000000,13,15,16,18,23,26,29,37,42,42,42,467,0,13,15.174008142083437,4.592099925503135,42.35589993186295,26.102783725910065
1737245938,10,,Aggregated,5.000000,0.000000,14,15,16,18,23,26,29,37,42,42,42,472,0,13,15.166960598188611,4.592099925503135,42.35589993186295,26.10169491525424
1737245939,10,,Aggregated,5.000000,0.000000,13,15,16,18,23,26,29,37,42,42,42,476,0,13,15.149788240101893,4.592099925503135,42.35589993186295,26.100840336134453
1737245940,10,,Aggregated,5.200000,0.000000,13,15,16,18,22,26,29,37,42,42,42,482,0,13,15.13142759875004,4.592099925503135,42.35589993186295,26.099585062240664
1737245941,10,,Aggregated,5.100000,0.000000,13,15,16,18,22,26,29,37,42,42,42,487,0,13,15.085099799724896,4.592099925503135,42.35589993186295,26.10677618069815
1737245942,10,,Aggregated,4.800000,0.000000,13,15,16,18,22,26,29,37,42,42,42,492,0,13,15.109061387015462,4.592099925503135,42.35589993186295,26.10569105691057
1737245943,10,,Aggregated,4.900000,0.000000,13,15,16,18,22,26,29,37,42,42,42,495,0,13,15.107297176504602,4.592099925503135,42.35589993186295,26.105050505050507
1737245944,10,,Aggregated,4.900000,0.000000,13,15,16,18,22,26,28,37,42,42,42,502,0,13,15.126977295594372,4.592099925503135,42.35589993186295,26.10358565737052
1737245945,10,,Aggregated,4.900000,0.000000,13,15,16,18,22,26,28,37,42,42,42,508,0,13,15.119677957460857,4.592099925503135,42.35589993186295,26.10236220472441
1737245946,10,,Aggregated,4.900000,0.000000,13,15,16,18,22,26,28,37,42,42,42,514,0,13,15.074984051136786,4.592099925503135,42.35589993186295,26.108949416342412
1737245947,10,,Aggregated,5.100000,0.000000,13,15,16,18,22,26,28,37,42,42,42,519,0,13,15.031317345168162,4.592099925503135,42.35589993186295,26.115606936416185
1737245948,10,,Aggregated,5.200000,0.000000,13,15,16,18,22,26,28,37,42,42,42,525,0,13,15.005833147138002,4.592099925503135,42.35589993186295,26.114285714285714
1737245949,10,,Aggregated,5.400000,0.000000,13,15,16,18,22,26,28,37,42,42,42,531,0,13,15.012739552228787,4.592099925503135,42.35589993186295,26.112994350282484
1737245950,10,,Aggregated,5.200000,0.000000,13,15,16,18,22,26,28,37,42,42,42,536,0,13,15.003196272430872,4.592099925503135,42.35589993186295,26.111940298507463
1737245951,10,,Aggregated,5.200000,0.000000,13,15,16,18,22,26,30,37,55,55,55,539,0,13,15.128914474817217,4.592099925503135,55.39580003824085,26.1113172541744
1737245952,10,,Aggregated,5.500000,0.000000,13,15,16,18,22,26,30,37,55,55,55,545,0,13,15.092857067746648,4.592099925503135,55.39580003824085,26.124770642201835
1737245953,10,,Aggregated,5.400000,0.000000,13,15,16,18,22,26,30,37,55,55,55,550,0,13,15.077980549117042,4.592099925503135,55.39580003824085,26.130909090909093
1737245954,10,,Aggregated,5.300000,0.000000,14,15,16,18,22,26,30,37,55,55,55,556,0,13,15.15604496771041,4.592099925503135,55.39580003824085,26.136690647482013
1737245955,10,,Aggregated,5.500000,0.000000,14,15,16,18,22,26,30,37,55,55,55,559,0,14,15.170480862296518,4.592099925503135,55.39580003824085,26.135957066189626
1737245956,10,,Aggregated,5.000000,0.000000,14,15,16,18,22,26,30,37,55,55,55,567,0,14,15.182668786673318,4.592099925503135,55.39580003824085,26.13403880070547
1737245957,10,,Aggregated,5.200000,0.000000,14,15,16,18,22,26,30,37,55,55,55,572,0,14,15.159999653965665,4.592099925503135,55.39580003824085,26.13986013986014
1737245958,10,,Aggregated,4.900000,0.000000,14,15,16,18,22,26,30,37,55,55,55,575,0,14,15.159053742764113,4.592099925503135,55.39580003824085,26.139130434782608
1737245959,10,,Aggregated,5.100000,0.000000,14,15,16,18,22,26,36,39,55,55,55,580,0,14,15.238622072602398,4.592099925503135,55.39580003824085,26.137931034482758
1737245960,10,,Aggregated,5.000000,0.000000,14,15,16,18,22,26,36,39,55,55,55,586,0,14,15.2385233823566,4.592099925503135,55.39580003824085,26.14334470989761
1737245961,10,,Aggregated,4.900000,0.000000,14,15,16,18,22,26,36,39,55,55,55,590,0,14,15.224652884772711,4.592099925503135,55.39580003824085,26.14915254237288
1737245962,10,,Aggregated,5.000000,0.000000,14,15,16,18,22,26,36,39,55,55,55,597,0,14,15.229811896203426,4.592099925503135,55.39580003824085,26.154103852596315
1737245963,10,,Aggregated,5.000000,0.000000,14,15,16,18,22,26,36,41,55,55,55,602,0,14,15.384925584474336,4.592099925503135,55.39580003824085,26.15282392026578
1737245964,10,,Aggregated,5.100000,0.000000,14,15,16,18,22,26,36,41,55,55,55,606,0,14,15.371240266843119,4.592099925503135,55.39580003824085,26.151815181518153
1737245965,10,,Aggregated,4.900000,0.000000,14,15,16,18,22,26,36,41,55,55,55,611,0,14,15.361429135537662,4.592099925503135,55.39580003824085,26.150572831423894
1737245966,10,,Aggregated,5.300000,0.000000,14,15,16,18,22,26,36,41,55,55,55,616,0,14,15.338949515754901,4.592099925503135,55.39580003824085,26.149350649350648
1737245967,10,,Aggregated,5.100000,0.000000,14,15,16,18,22,26,36,41,55,55,55,620,0,14,15.345937906080977,4.592099925503135,55.39580003824085,26.148387096774194
1737245968,10,,Aggregated,5.100000,0.000000,14,15,16,18,22,26,36,41,55,55,55,625,0,14,15.36338608302176,4.592099925503135,55.39580003824085,26.1472
1737245969,10,,Aggregated,4.900000,0.000000,14,15,16,18,22,26,36,41,55,55,55,630,0,14,15.353094606054208,4.592099925503135,55.39580003824085,26.146031746031746
1737245970,10,,Aggregated,5.000000,0.000000,14,15,16,18,22,26,36,41,55,55,55,634,0,14,15.333227132379491,4.592099925503135,55.39580003824085,26.15141955835962
1737245971,10,,Aggregated,5.000000,0.000000,14,15,16,18,22,26,36,41,55,55,55,639,0,14,15.330625355100851,4.592099925503135,55.39580003824085,26.156494522691705
1737245972,10,,Aggregated,4.700000,0.000000,14,15,16,18,22,26,36,41,55,55,55,646,0,14,15.296742108314595,4.592099925503135,55.39580003824085,26.1609907120743
1737245973,10,,Aggregated,4.900000,0.000000,14,15,16,18,22,26,36,41,55,55,55,652,0,14,15.325251383388393,4.592099925503135,55.39580003824085,26.165644171779142
1737245974,10,,Aggregated,4.900000,0.000000,14,15,16,18,22,26,36,41,55,55,55,655,0,14,15.337754506795518,4.592099925503135,55.39580003824085,26.170992366412214
1737245975,10,,Aggregated,5.000000,0.000000,14,15,16,18,22,26,36,41,55,55,55,663,0,14,15.361687182350474,4.592099925503135,55.39580003824085,26.17496229260935
1737245976,10,,Aggregated,4.800000,0.000000,14,15,16,18,22,26,36,41,55,55,55,666,0,14,15.358745498553354,4.592099925503135,55.39580003824085,26.174174174174173
1737245977,10,,Aggregated,4.800000,0.000000,14,15,16,18,22,26,36,41,55,55,55,673,0,14,15.323904757927632,4.592099925503135,55.39580003824085,26.178306092124814
1737245978,10,,Aggregated,5.000000,0.000000,14,15,16,18,22,26,36,41,55,55,55,675,0,14,15.314858225519183,4.592099925503135,55.39580003824085,26.177777777777777
1737245979,10,,Aggregated,5.000000,0.000000,14,15,16,18,22,26,36,41,55,55,55,678,0,14,15.342574044622502,4.592099925503135,55.39580003824085,26.17699115044248
1737245980,10,,Aggregated,5.100000,0.000000,14,15,16,18,22,26,36,41,55,55,55,685,0,14,15.325307156924621,4.592099925503135,55.39580003824085,26.175182481751825
1737245981,10,,Aggregated,5.100000,0.000000,14,15,16,18,22,26,36,41,55,55,55,693,0,14,15.37940404387957,4.592099925503135,55.39580003824085,26.173160173160174
1737245982,10,,Aggregated,5.300000,0.000000,14,15,16,18,22,26,36,41,55,55,55,695,0,14,15.381976406311066,4.592099925503135,55.39580003824085,26.172661870503596
1737245983,10,,Aggregated,4.900000,0.000000,14,15,16,18,22,26,36,41,55,55,55,700,0,14,15.385774717765994,4.592099925503135,55.39580003824085,26.17142857142857
1737245984,10,,Aggregated,4.900000,0.000000,14,15,16,18,22,26,36,39,55,55,55,704,0,14,15.383127986173019,4.592099925503135,55.39580003824085,26.170454545454547
1737245985,10,,Aggregated,5.000000,0.000000,14,15,16,18,22,26,36,39,55,55,55,710,0,14,15.410210848228456,4.592099925503135,55.39580003824085,26.169014084507044
1737245986,10,,Aggregated,5.100000,0.000000,14,15,16,18,22,27,36,39,55,55,55,715,0,14,15.438635247902802,4.592099925503135,55.39580003824085,26.173426573426575
1737245987,10,,Aggregated,5.000000,0.000000,14,15,16,18,22,26,36,39,55,55,55,721,0,14,15.419745772893588,4.592099925503135,55.39580003824085,26.17753120665742
1737245988,10,,Aggregated,4.900000,0.000000,14,15,17,18,22,27,36,39,55,55,55,727,0,14,15.460691337270005,4.592099925503135,55.39580003824085,26.18156808803301
1737245989,10,,Aggregated,5.000000,0.000000,14,15,17,18,22,27,36,39,55,55,55,730,0,14,15.474331372876792,4.592099925503135,55.39580003824085,26.18082191780822
1737245990,10,,Aggregated,5.000000,0.000000,14,15,17,18,22,27,36,39,55,55,55,738,0,14,15.507376425632032,4.592099925503135,55.39580003824085,26.178861788617887
1737245991,10,,Aggregated,5.000000,0.000000,14,15,17,18,22,27,36,39,55,55,55,740,0,14,15.49988175959427,4.592099925503135,55.39580003824085,26.17837837837838
1737245992,10,,Aggregated,4.700000,0.000000,14,15,17,19,22,27,36,39,55,55,55,745,0,14,15.506917318085446,4.592099925503135,55.39580003824085,26.177181208053693
1737245993,10,,Aggregated,5.100000,0.000000,14,15,17,18,22,27,36,39,55,55,55,749,0,14,15.500691991817897,4.592099925503135,55.39580003824085,26.176234979973298
1737245994,10,,Aggregated,4.800000,0.000000,14,15,17,18,22,27,36,39,55,55,55,756,0,14,15.491993256127609,4.592099925503135,55.39580003824085,26.174603174603174
1737245995,10,,Aggregated,5.000000,0.000000,14,15,17,18,23,27,36,39,55,55,55,759,0,14,15.502771280143945,4.592099925503135,55.39580003824085,26.17391304347826
1737245996,10,,Aggregated,4.700000,0.000000,14,15,17,19,22,27,36,39,55,55,55,765,0,14,15.51573621109128,4.592099925503135,55.39580003824085,26.172549019607843
1737245997,10,,Aggregated,5.000000,0.000000,14,15,17,19,22,27,36,39,55,55,55,769,0,14,15.503305333402487,4.592099925503135,55.39580003824085,26.182054616384914
1737245998,10,,Aggregated,4.800000,0.000000,14,15,17,19,22,27,36,39,55,55,55,774,0,14,15.512419252527652,4.592099925503135,55.39580003824085,26.180878552971578
1737245999,10,,Aggregated,4.700000,0.000000,14,15,17,19,22,27,36,39,55,55,55,779,0,14,15.519451221453554,4.592099925503135,55.39580003824085,26.179717586649552
1737246000,10,,Aggregated,4.700000,0.000000,14,15,17,19,22,27,36,39,55,55,55,785,0,14,15.515571849266435,4.592099925503135,55.39580003824085,26.178343949044585
1737246001,10,,Aggregated,5.000000,0.000000,14,15,17,19,23,27,36,39,55,55,55,790,0,14,15.531702913473584,4.592099925503135,55.39580003824085,26.17721518987342
1737246002,10,,Aggregated,4.900000,0.000000,14,15,17,19,23,27,36,39,55,55,55,796,0,14,15.544674625437725,4.592099925503135,55.39580003824085,26.175879396984925
1737246003,10,,Aggregated,4.900000,0.000000,14,15,17,19,23,27,36,39,55,55,55,800,0,14,15.53188250240055,4.592099925503135,55.39580003824085,26.18
1737246004,10,,Aggregated,5.000000,0.000000,14,15,17,19,23,27,36,38,55,55,55,805,0,14,15.525742114220764,4.592099925503135,55.39580003824085,26.17888198757764
1737246005,10,,Aggregated,4.900000,0.000000,14,15,17,19,23,27,36,38,55,55,55,811,0,14,15.53854587201934,4.592099925503135,55.39580003824085,26.177558569667077
1737246006,10,,Aggregated,5.100000,0.000000,14,15,17,19,23,27,36,38,55,55,55,816,0,14,15.524612502856911,4.592099925503135,55.39580003824085,26.176470588235293
1737246007,10,,Aggregated,5.000000,0.000000,14,15,17,18,23,27,36,38,55,55,55,822,0,14,15.49000547742222,4.592099925503135,55.39580003824085,26.180048661800488
1737246008,10,,Aggregated,5.200000,0.000000,14,15,17,19,23,27,36,38,55,55,55,825,0,14,15.505664366523199,4.592099925503135,55.39580003824085,26.17939393939394
1737246009,10,,Aggregated,5.500000,0.000000,14,15,17,19,23,27,36,38,55,55,55,833,0,14,15.520717889978355,4.592099925503135,55.39580003824085,26.192076830732294
1737246010,10,,Aggregated,5.200000,0.000000,14,15,17,19,23,27,36,38,55,55,55,835,0,14,15.516685392194523,4.592099925503135,55.39580003824085,26.191616766467067
1737246011,10,,Aggregated,4.800000,0.000000,14,15,17,19,23,27,36,38,55,55,55,842,0,14,15.523573993694152,4.592099925503135,55.39580003824085,26.19002375296912
1737246012,10,,Aggregated,5.400000,0.000000,14,15,17,19,23,27,36,38,55,55,55,848,0,14,15.530396465246152,4.592099925503135,55.39580003824085,26.18867924528302
1737246013,10,,Aggregated,5.100000,0.000000,14,15,17,19,23,27,35,38,55,55,55,853,0,14,15.517883355961839,4.592099925503135,55.39580003824085,26.187573270808908
1737246014,10,,Aggregated,5.200000,0.000000,14,15,17,19,23,27,35,38,55,55,55,860,0,14,15.520057793798705,4.592099925503135,55.39580003824085,26.190697674418605
1737246015,10,,Aggregated,5.300000,0.000000,14,15,17,19,23,26,35,38,55,55,55,864,0,14,15.511572688275784,4.592099925503135,55.39580003824085,26.194444444444443
1737246016,10,,Aggregated,5.200000,0.000000,14,15,17,18,23,26,35,38,55,55,55,868,0,14,15.499437100029752,4.592099925503135,55.39580003824085,26.19815668202765
1737246017,10,,Aggregated,5.300000,0.000000,14,15,17,18,23,27,35,38,55,55,55,875,0,14,15.506690060187664,4.592099925503135,55.39580003824085,26.196571428571428
1737246018,10,,Aggregated,5.300000,0.000000,14,15,17,18,23,27,35,38,55,55,55,875,0,14,15.506690060187664,4.592099925503135,55.39580003824085,26.196571428571428
1737246019,10,,Aggregated,4.800000,0.000000,14,15,17,18,23,27,35,38,55,55,55,883,0,14,15.520291735701862,4.592099925503135,55.39580003824085,26.194790486976217
1737246020,10,,Aggregated,5.200000,0.000000,14,15,17,18,23,27,35,38,55,55,55,887,0,14,15.529103272383468,4.592099925503135,55.39580003824085,26.19391206313416
1737246021,10,,Aggregated,4.900000,0.000000,14,15,17,19,23,27,35,38,55,55,55,895,0,14,15.531233745736367,4.592099925503135,55.39580003824085,26.196648044692736
1737246022,10,,Aggregated,4.900000,0.000000,14,15,17,19,23,27,35,38,55,55,55,895,0,14,15.531233745736367,4.592099925503135,55.39580003824085,26.196648044692736
1737246023,10,,Aggregated,5.000000,0.000000,14,15,17,18,23,27,33,37,55,55,55,901,0,14,15.509533853896508,4.592099925503135,55.39580003824085,26.199778024417313
1737246024,10,,Aggregated,5.200000,0.000000,14,15,17,18,23,27,33,37,55,55,55,907,0,14,15.50206736763662,4.592099925503135,55.39580003824085,26.202866593164277
1737246025,10,,Aggregated,4.800000,0.000000,14,15,17,18,23,27,33,37,55,55,55,911,0,14,15.506085842330537,4.592099925503135,55.39580003824085,26.20636663007684
1737246026,10,,Aggregated,4.800000,0.000000,14,15,17,18,23,27,33,37,55,55,55,913,0,14,15.512120374962933,4.592099925503135,55.39580003824085,26.20591456736035
1737246027,10,,Aggregated,4.700000,0.000000,14,15,17,19,23,27,36,38,68,68,68,923,0,14,15.583274759128205,4.592099925503135,68.0303000845015,26.2080173347779
1737246028,10,,Aggregated,4.800000,0.000000,14,15,17,19,23,27,36,38,68,68,68,927,0,14,15.566491480829333,4.592099925503135,68.0303000845015,26.21143473570658
1737246029,10,,Aggregated,4.700000,0.000000,14,15,17,19,23,27,36,38,68,68,68,930,0,14,15.56197828250206,4.592099925503135,68.0303000845015,26.210752688172043
1737246030,10,,Aggregated,4.800000,0.000000,14,15,17,19,23,27,36,38,68,68,68,937,0,14,15.576110675179558,4.592099925503135,68.0303000845015,26.209178228388474
1737246031,10,,Aggregated,5.200000,0.000000,14,15,17,19,23,27,36,38,68,68,68,943,0,14,15.558330967705322,4.592099925503135,68.0303000845015,26.216330858960763
1737246032,10,,Aggregated,4.800000,0.000000,14,15,17,18,23,27,36,38,68,68,68,946,0,14,15.547706873794077,4.592099925503135,68.0303000845015,26.21987315010571
1737246033,10,,Aggregated,4.900000,0.000000,14,15,17,19,23,27,35,38,68,68,68,953,0,14,15.569642814783162,4.592099925503135,68.0303000845015,26.21825813221406
1737246034,10,,Aggregated,4.800000,0.000000,14,15,17,19,23,27,35,38,68,68,68,959,0,14,15.56951220281329,4.592099925503135,68.0303000845015,26.21689259645464
1737246035,10,,Aggregated,4.800000,0.000000,14,15,17,19,23,26,35,38,68,68,68,963,0,14,15.559060750277723,4.592099925503135,68.0303000845015,26.215991692627206
1737246036,10,,Aggregated,5.200000,0.000000,14,15,17,18,23,26,35,38,68,68,68,967,0,14,15.545720685126053,4.592099925503135,68.0303000845015,26.223371251292658
1737246037,10,,Aggregated,5.200000,0.000000,14,15,17,18,23,26,35,38,68,68,68,973,0,14,15.532926107371056,4.592099925503135,68.0303000845015,26.226104830421377
1737246038,10,,Aggregated,5.100000,0.000000,14,15,17,18,23,26,35,38,68,68,68,975,0,14,15.517433130731566,4.5458999229595065,68.0303000845015,26.229743589743588
1737246040,10,,Aggregated,5.100000,0.000000,14,15,17,18,23,26,35,38,68,68,68,980,0,14,15.523874288073229,4.5458999229595065,68.0303000845015,26.228571428571428
1737246041,10,,Aggregated,5.000000,0.000000,14,15,17,18,23,26,35,38,68,68,68,986,0,14,15.494560752830017,4.5458999229595065,68.0303000845015,26.231237322515213
1737246042,10,,Aggregated,4.800000,0.000000,14,15,17,18,23,26,35,38,68,68,68,991,0,14,15.488957015324786,4.5458999229595065,68.0303000845015,26.230070635721493
1737246043,10,,Aggregated,4.900000,0.000000,14,15,17,18,23,26,35,38,68,68,68,997,0,14,15.467658878557213,4.5458999229595065,68.0303000845015,26.236710130391174
1737246044,10,,Aggregated,4.900000,0.000000,14,15,17,18,23,26,35,38,68,68,68,1000,0,14,15.45943390193861,4.5458999229595065,68.0303000845015,26.24
1737246045,10,,Aggregated,4.800000,0.000000,14,15,17,18,23,26,33,38,55,68,68,1007,0,14,15.461176864006543,4.5458999229595065,68.0303000845015,26.246276067527308
1737246046,10,,Aggregated,4.600000,0.000000,14,15,17,18,22,26,33,38,55,68,68,1011,0,14,15.44497121859187,4.5458999229595065,68.0303000845015,26.253214638971315
1737246047,10,,Aggregated,4.600000,0.000000,14,15,17,18,23,27,35,38,55,68,68,1016,0,14,15.486019391724179,4.5458999229595065,68.0303000845015,26.255905511811022
1737246048,10,,Aggregated,4.800000,0.000000,14,15,17,18,23,26,35,38,55,68,68,1021,0,14,15.482138591612362,4.5458999229595065,68.0303000845015,26.25857002938296
1737246049,10,,Aggregated,4.700000,0.000000,14,15,17,18,23,26,35,38,55,68,68,1024,0,14,15.482857033248365,4.5458999229595065,68.0303000845015,26.2578125
1737246050,10,,Aggregated,4.900000,0.000000,14,15,17,18,23,27,35,38,55,68,68,1030,0,14,15.48925116714723,4.5458999229595065,68.0303000845015,26.25631067961165
1737246051,10,,Aggregated,4.900000,0.000000,14,15,17,18,23,27,35,38,55,68,68,1036,0,14,15.474647974966699,4.5458999229595065,68.0303000845015,26.25868725868726
1737246052,10,,Aggregated,5.000000,0.000000,14,15,17,18,23,27,35,38,55,68,68,1040,0,14,15.470466252008919,4.5458999229595065,68.0303000845015,26.25769230769231
1737246053,10,,Aggregated,4.800000,0.000000,14,15,17,18,22,26,35,38,55,68,68,1047,0,14,15.451329037188637,4.5458999229595065,68.0303000845015,26.25978987583572
1737246054,10,,Aggregated,4.800000,0.000000,14,15,17,18,22,26,35,38,55,68,68,1050,0,14,15.457222858953866,4.5458999229595065,68.0303000845015,26.259047619047617
1737246055,10,,Aggregated,4.800000,0.000000,14,15,17,18,22,26,35,38,55,68,68,1055,0,14,15.454665689080318,4.5458999229595065,68.0303000845015,26.261611374407583
1737246056,10,,Aggregated,4.900000,0.000000,14,15,17,18,22,26,35,38,55,68,68,1059,0,14,15.452330691385503,4.5458999229595065,68.0303000845015,26.260623229461757
1737246057,10,,Aggregated,4.900000,0.000000,14,15,17,18,22,26,35,38,55,68,68,1064,0,14,15.448885904388726,4.5458999229595065,68.0303000845015,26.2593984962406
1737246058,10,,Aggregated,4.900000,0.000000,14,15,17,18,23,27,35,39,55,68,68,1070,0,14,15.489488226474725,4.5458999229595065,68.0303000845015,26.261682242990656
1737246059,10,,Aggregated,4.800000,0.000000,14,15,17,18,22,27,35,39,55,68,68,1075,0,14,15.48262186272633,4.5458999229595065,68.0303000845015,26.260465116279068
1737246060,10,,Aggregated,4.700000,0.000000,14,15,17,18,22,27,35,39,55,68,68,1080,0,14,15.48624074299975,4.5458999229595065,68.0303000845015,26.25925925925926
1737246061,10,,Aggregated,4.900000,0.000000,14,15,17,18,22,27,35,39,55,68,68,1086,0,14,15.495790978297626,4.5458999229595065,68.0303000845015,26.257826887661142
1737246062,10,,Aggregated,4.800000,0.000000,14,15,17,18,22,27,35,39,55,68,68,1091,0,14,15.4929919361276,4.5458999229595065,68.0303000845015,26.256645279560036
1737246063,10,,Aggregated,5.100000,0.000000,14,15,17,18,22,27,35,39,55,68,68,1097,0,14,15.475610120615896,4.5458999229595065,68.0303000845015,26.26253418413856
1737246064,10,,Aggregated,5.100000,0.000000,14,15,17,18,22,27,35,39,55,68,68,1101,0,14,15.507176205461725,4.5458999229595065,68.0303000845015,26.26521344232516
1737246065,10,,Aggregated,4.900000,0.000000,14,15,17,18,22,27,35,39,55,68,68,1104,0,14,15.507409512740223,4.5458999229595065,68.0303000845015,26.264492753623188
1737246066,10,,Aggregated,5.100000,0.000000,14,15,17,18,22,27,35,39,55,68,68,1111,0,14,15.501143926130919,4.5458999229595065,68.0303000845015,26.262826282628264
1737246067,10,,Aggregated,4.800000,0.000000,14,15,17,18,22,27,35,39,55,68,68,1116,0,14,15.497662277752868,4.5458999229595065,68.0303000845015,26.261648745519715
1737246068,10,,Aggregated,5.000000,0.000000,14,15,17,18,22,27,35,39,55,68,68,1120,0,14,15.491914555293208,4.5458999229595065,68.0303000845015,26.264285714285716
1737246069,10,,Aggregated,5.100000,0.000000,14,15,17,18,22,26,35,39,55,68,68,1126,0,14,15.48476287905709,4.5458999229595065,68.0303000845015,26.266429840142095
1737246070,10,,Aggregated,5.100000,0.000000,14,15,17,18,22,26,35,39,55,68,68,1133,0,14,15.473162667005464,4.5458999229595065,68.0303000845015,26.26478375992939
1737246071,10,,Aggregated,5.100000,0.000000,14,15,17,18,22,26,35,39,55,68,68,1135,0,14,15.463244054458281,4.5458999229595065,68.0303000845015,26.26784140969163
1737246072,10,,Aggregated,5.400000,0.000000,14,15,17,18,22,27,36,39,55,68,68,1141,0,14,15.498562928882578,4.5458999229595065,68.0303000845015,26.26993865030675
1737246073,10,,Aggregated,4.900000,0.000000,14,15,17,18,22,27,36,39,55,68,68,1146,0,14,15.506199827209688,4.5458999229595065,68.0303000845015,26.275741710296685
1737246074,10,,Aggregated,4.800000,0.000000,14,15,17,18,22,27,35,39,55,68,68,1151,0,14,15.509201739356408,4.5458999229595065,68.0303000845015,26.2745438748914
1737246075,10,,Aggregated,5.000000,0.000000,14,15,17,18,22,27,35,39,55,68,68,1156,0,14,15.509943600367775,4.5458999229595065,68.0303000845015,26.273356401384085
1737246076,10,,Aggregated,4.800000,0.000000,14,15,17,18,22,27,35,39,55,68,68,1162,0,14,15.508402927807515,4.5458999229595065,68.0303000845015,26.27194492254733
1737246077,10,,Aggregated,5.100000,0.000000,14,15,17,18,22,27,36,39,55,68,68,1166,0,14,15.535354976183664,4.5458999229595065,68.0303000845015,26.271012006861064
1737246078,10,,Aggregated,5.100000,0.000000,14,15,17,18,22,27,36,39,55,68,68,1172,0,14,15.530137715200853,4.5458999229595065,68.0303000845015,26.269624573378838
1737246079,10,,Aggregated,5.200000,0.000000,14,15,17,18,22,27,36,39,55,68,68,1176,0,14,15.525778488166548,4.5458999229595065,68.0303000845015,26.268707482993197
1737246080,10,,Aggregated,5.300000,0.000000,14,15,17,18,22,27,36,39,55,68,68,1182,0,14,15.520142303076895,4.5458999229595065,68.0303000845015,26.274111675126903
1737246081,10,,Aggregated,5.200000,0.000000,14,15,17,18,22,27,36,39,55,68,68,1185,0,14,15.520840423782886,4.5458999229595065,68.0303000845015,26.276793248945147
1737246082,10,,Aggregated,4.500000,0.000000,14,15,17,18,22,27,36,39,55,68,68,1191,0,14,15.510306215147533,4.5458999229595065,68.0303000845015,26.27875734676742
1737246083,10,,Aggregated,4.900000,0.000000,14,15,17,18,22,27,36,39,55,68,68,1198,0,14,15.507388315711617,4.5458999229595065,68.0303000845015,26.283806343906512
1737246084,10,,Aggregated,4.900000,0.000000,14,15,17,18,22,27,36,39,55,68,68,1200,0,14,15.49957516855405,4.5458999229595065,68.0303000845015,26.286666666666665
1737246085,10,,Aggregated,4.800000,0.000000,14,15,17,18,22,27,35,39,55,68,68,1207,0,14,15.497811186854985,4.5458999229595065,68.0303000845015,26.291632145816074
1737246086,10,,Aggregated,5.100000,0.000000,14,15,17,18,22,27,36,39,55,68,68,1215,0,14,15.503601730444734,4.5458999229595065,68.0303000845015,26.296296296296298
1737246087,10,,Aggregated,5.200000,0.000000,14,15,17,18,22,27,36,39,55,68,68,1222,0,14,15.520277334211025,4.5458999229595065,68.0303000845015,26.30114566284779
1737246088,10,,Aggregated,5.200000,0.000000,14,15,17,18,22,27,36,39,55,68,68,1224,0,14,15.522258253589278,4.5458999229595065,68.0303000845015,26.30065359477124
1737246089,10,,Aggregated,5.300000,0.000000,14,15,17,18,22,27,36,39,55,68,68,1228,0,14,15.514941288538258,4.5458999229595065,68.0303000845015,26.306188925081432
1737246090,10,,Aggregated,5.200000,0.000000,14,15,17,18,22,27,36,39,55,68,68,1232,0,14,15.514361365568256,4.5458999229595065,68.0303000845015,26.305194805194805
1737246091,10,,Aggregated,5.200000,0.000000,14,15,17,18,22,27,36,39,55,68,68,1238,0,14,15.50642197281393,4.5458999229595065,68.0303000845015,26.303715670436187
1737246092,10,,Aggregated,5.400000,0.000000,14,15,17,18,22,27,36,39,55,68,68,1242,0,14,15.4991076508201,4.5458999229595065,68.0303000845015,26.302737520128826
1737246093,10,,Aggregated,5.300000,0.000000,14,15,17,18,22,27,36,39,55,68,68,1249,0,14,15.502285910583883,4.5458999229595065,68.0303000845015,26.304243394715773
1737246094,10,,Aggregated,5.400000,0.000000,14,15,17,18,22,27,36,39,55,68,68,1252,0,14,15.501616774933984,4.5458999229595065,68.0303000845015,26.303514376996805
1737246095,10,,Aggregated,5.300000,0.000000,14,15,17,18,22,27,36,39,55,68,68,1260,0,14,15.487720160504862,4.5458999229595065,68.0303000845015,26.304761904761904
1737246096,10,,Aggregated,5.100000,0.000000,14,15,17,18,22,27,36,39,55,68,68,1264,0,14,15.497670254907336,4.5458999229595065,68.0303000845015,26.303797468354432
1737246097,10,,Aggregated,5.200000,0.000000,14,15,17,18,22,27,36,39,55,68,68,1270,0,14,15.523306143517775,4.5458999229595065,68.0303000845015,26.30236220472441
1737246098,10,,Aggregated,4.700000,0.000000,14,15,17,18,22,27,36,39,55,68,68,1273,0,14,15.510529381309352,4.5458999229595065,68.0303000845015,26.30793401413983
1737246099,10,,Aggregated,4.900000,0.000000,14,15,17,18,22,27,36,39,55,68,68,1279,0,14,15.50827177672518,4.5458999229595065,68.0303000845015,26.3096168881939
1737246100,10,,Aggregated,4.800000,0.000000,14,15,17,18,22,27,36,39,55,68,68,1282,0,14,15.504317084623736,4.5458999229595065,68.0303000845015,26.308892355694226
1737246101,10,,Aggregated,4.800000,0.000000,14,15,17,18,22,27,36,39,55,68,68,1288,0,14,15.50624596458637,4.5458999229595065,68.0303000845015,26.30745341614907
1737246102,10,,Aggregated,5.000000,0.000000,14,15,17,18,22,27,36,39,55,68,68,1295,0,14,15.522804944038851,4.5458999229595065,68.0303000845015,26.305791505791507
1737246103,10,,Aggregated,5.000000,0.000000,14,15,17,18,22,27,35,38,55,68,68,1301,0,14,15.51387671209073,4.5458999229595065,68.0303000845015,26.307455803228287
1737246104,10,,Aggregated,5.000000,0.000000,14,15,17,18,22,27,35,38,55,68,68,1303,0,14,15.510949656597452,4.5458999229595065,68.0303000845015,26.306983883346124
1737246105,10,,Aggregated,5.000000,0.000000,14,15,17,18,22,27,35,38,55,68,68,1306,0,14,15.510617842709511,4.5458999229595065,68.0303000845015,26.306278713629403
1737246106,10,,Aggregated,5.100000,0.000000,14,15,17,18,22,27,35,38,55,68,68,1313,0,14,15.4979853026898,4.5458999229595065,68.0303000845015,26.304645849200305
1737246107,10,,Aggregated,4.800000,0.000000,14,15,17,18,22,27,35,38,55,68,68,1319,0,14,15.499716908550928,4.5458999229595065,68.0303000845015,26.3062926459439
1737246108,10,,Aggregated,5.100000,0.000000,14,15,17,18,22,27,35,38,55,68,68,1323,0,14,15.487164325303963,4.5458999229595065,68.0303000845015,26.311413454270596
1737246109,10,,Aggregated,5.000000,0.000000,14,15,17,18,22,27,35,38,55,68,68,1327,0,14,15.47901062736991,4.5458999229595065,68.0303000845015,26.310474755086663
1737246110,10,,Aggregated,4.800000,0.000000,14,15,17,18,22,27,35,38,55,68,68,1333,0,14,15.484353115038761,4.5458999229595065,68.0303000845015,26.309077269317328
1737246111,10,,Aggregated,4.800000,0.000000,14,15,17,18,22,27,35,38,55,68,68,1337,0,14,15.486677713091739,4.5458999229595065,68.0303000845015,26.31114435302917
1737246112,10,,Aggregated,4.900000,0.000000,14,15,17,18,22,26,35,38,55,68,68,1342,0,14,15.480424964612409,4.5458999229595065,68.0303000845015,26.309985096870342
1737246113,10,,Aggregated,4.900000,0.000000,14,15,17,18,22,26,35,38,55,68,68,1347,0,14,15.469268672966829,4.5458999229595065,68.0303000845015,26.311804008908688
1737246114,10,,Aggregated,4.800000,0.000000,14,15,17,18,22,27,35,38,55,68,68,1353,0,14,15.477890836925734,4.5458999229595065,68.0303000845015,26.31042128603104
1737246115,10,,Aggregated,4.800000,0.000000,14,15,17,18,22,27,35,38,55,68,68,1358,0,14,15.49576148923983,4.5458999229595065,68.0303000845015,26.31222385861561
1737246116,10,,Aggregated,4.800000,0.000000,14,15,17,18,22,27,35,38,55,68,68,1362,0,14,15.480145082601158,4.5458999229595065,68.0303000845015,26.31718061674009
1737246117,10,,Aggregated,4.800000,0.000000,14,15,17,18,22,27,35,38,55,68,68,1367,0,14,15.489138553382988,4.5458999229595065,68.0303000845015,26.318946598390635
1737246118,10,,Aggregated,4.700000,0.000000,14,15,17,18,22,27,36,39,55,68,68,1373,0,14,15.51491937534619,4.5458999229595065,68.0303000845015,26.323379461034232
1737246119,10,,Aggregated,4.900000,0.000000,14,15,17,18,22,27,36,39,55,68,68,1376,0,14,15.515735757511466,4.5458999229595065,68.0303000845015,26.322674418604652
1737246120,10,,Aggregated,5.100000,0.000000,14,15,17,18,22,27,36,39,55,68,68,1382,0,14,15.506726991625802,4.5458999229595065,68.0303000845015,26.327062228654125
1737246121,10,,Aggregated,5.100000,0.000000,14,15,17,18,22,27,36,39,55,68,68,1387,0,14,15.50847844436574,4.5458999229595065,68.0303000845015,26.32588320115357
1737246122,10,,Aggregated,4.800000,0.000000,14,15,17,18,22,27,36,39,55,68,68,1390,0,14,15.511017483692589,4.5458999229595065,68.0303000845015,26.325179856115106
1737246123,10,,Aggregated,4.800000,0.000000,14,15,17,18,22,27,36,39,55,68,68,1398,0,14,15.519107655553448,4.5458999229595065,68.0303000845015,26.32331902718169
1737246124,10,,Aggregated,4.800000,0.000000,14,15,17,18,22,27,35,38,55,68,68,1402,0,14,15.523850358325122,4.5458999229595065,68.0303000845015,26.325249643366618
1737246125,10,,Aggregated,4.700000,0.000000,14,15,17,18,22,27,35,38,55,68,68,1407,0,14,15.512581522640717,4.5458999229595065,68.0303000845015,26.326936744847192
1737246126,10,,Aggregated,5.000000,0.000000,14,15,17,18,22,27,35,38,55,68,68,1414,0,14,15.509976309894082,4.5458999229595065,68.0303000845015,26.325318246110324
1737246127,10,,Aggregated,4.800000,0.000000,14,15,17,18,22,27,35,38,55,68,68,1417,0,14,15.507067256293608,4.5458999229595065,68.0303000845015,26.324629498941427
1737246128,10,,Aggregated,5.100000,0.000000,14,15,17,18,22,27,35,38,55,68,68,1422,0,14,15.514898524634702,4.5458999229595065,68.0303000845015,26.323488045007032
1737246129,10,,Aggregated,5.000000,0.000000,14,15,17,18,22,27,35,38,55,68,68,1428,0,14,15.500992228142024,4.5458999229595065,68.0303000845015,26.327731092436974
1737246130,10,,Aggregated,4.700000,0.000000,14,15,17,18,22,27,35,38,55,68,68,1433,0,14,15.492798884747588,4.5458999229595065,68.0303000845015,26.329378925331472
1737246131,10,,Aggregated,5.100000,0.000000,14,15,17,18,22,27,35,38,55,68,68,1439,0,14,15.475288951863963,4.5458999229595065,68.0303000845015,26.333564975677554
1737246132,10,,Aggregated,5.000000,0.000000,14,15,17,18,22,27,35,38,55,68,68,1443,0,14,15.472492239581923,4.5458999229595065,68.0303000845015,26.33264033264033
1737246133,10,,Aggregated,5.200000,0.000000,14,15,17,18,22,27,35,38,55,68,68,1449,0,14,15.470847896148571,4.5458999229595065,68.0303000845015,26.3367839889579
1737246134,10,,Aggregated,5.400000,0.000000,14,15,17,18,22,27,35,38,55,68,68,1454,0,14,15.484672009322326,4.5458999229595065,68.0303000845015,26.335625859697387
1737246135,10,,Aggregated,5.200000,0.000000,14,15,17,18,22,27,35,38,55,68,68,1458,0,14,15.486955830976827,4.5458999229595065,68.0303000845015,26.334705075445815
1737246136,10,,Aggregated,5.100000,0.000000,14,15,17,18,22,27,35,38,55,68,68,1462,0,14,15.48784863318109,4.5458999229595065,68.0303000845015,26.333789329685363
1737246137,10,,Aggregated,5.300000,0.000000,14,15,17,18,22,27,35,38,55,68,68,1466,0,14,15.48780436677754,4.5458999229595065,68.0303000845015,26.335607094133696
1737246138,10,,Aggregated,4.800000,0.000000,14,15,17,18,22,27,35,38,55,68,68,1472,0,14,15.49269218863312,4.5458999229595065,68.0303000845015,26.33423913043478
1737246139,10,,Aggregated,4.800000,0.000000,14,15,17,18,22,27,35,38,55,68,68,1475,0,14,15.492980204506825,4.5458999229595065,68.0303000845015,26.3335593220339
